<?xml version="1.0" encoding="UTF-8" ?>
<!DOCTYPE mapper PUBLIC "-//mybatis.org//DTD Mapper 3.0//EN"
    "http://mybatis.org/dtd/mybatis-3-mapper.dtd">

<mapper namespace="com.ssafy.mvc.model.mapper.MemberMapper">

    <!-- 회원 정보 조회 -->
    <select id="memberView" parameterType="String" resultType="com.ssafy.mvc.model.MemberDto">
        SELECT * FROM members
        WHERE user_id = #{user_id}
    </select>

    <!-- 회원 로그인 -->
    <select id="memberLogin" parameterType="map" resultType="memberDto">
        SELECT * FROM members
        WHERE user_id = #{user_id} AND user_password = #{user_pw}
    </select>

    <!-- 회원 아이디 중복 확인 -->
    <select id="memberIdCheck" parameterType="String" resultType="int">
        SELECT count(*) FROM members
        WHERE user_id = #{user_id}
    </select>

    <!-- 회원 가입 -->
    <insert id="memberSignUp" parameterType="map">
        INSERT INTO members(user_id, user_name, user_password, email_id, email_domain, join_date)
        VALUES (#{user_id}, #{user_name}, #{user_password}, #{email_id}, #{email_domain}, NOW())
    </insert>

    <!-- 회원 정보 수정 -->
    <update id="memberModify" parameterType="com.ssafy.mvc.model.MemberDto">
        UPDATE members
        SET user_name = #{user_name}, user_password = #{user_password}, email_id = #{email_id}, email_domain = #{email_domain}
        WHERE user_id = #{user_id}
    </update>

    <!-- 회원 삭제 -->
    <delete id="memberDelete" parameterType="String">
        DELETE FROM members
        WHERE user_id = #{user_id}
    </delete>

</mapper>
